{
  "wake_word": "xiaozhang",
  "threshold": 0.9269356727600098,
  "template": [
    -0.02871701307594776,
    0.08228065073490143,
    0.037963371723890305,
    0.004293316975235939,
    0.05375022813677788,
    0.1151367649435997,
    0.04168044775724411,
    -0.06658797711133957,
    -0.004962902516126633,
    0.10065077245235443,
    -0.13509796559810638,
    -0.04189798980951309,
    0.01383066177368164,
    -0.020821604877710342,
    -0.02628699317574501,
    0.0361589640378952,
    0.027114026248455048,
    0.03655405342578888,
    -0.028702078387141228,
    -0.13063016533851624,
    0.04587071016430855,
    0.15585091710090637,
    -0.10739494860172272,
    -0.002686308929696679,
    -0.07792644947767258,
    0.06557111442089081,
    -0.13400337100028992,
    0.02003861591219902,
    0.05434832349419594,
    -0.0026502872351557016,
    -0.10884854197502136,
    0.10607287287712097,
    -0.15072250366210938,
    0.0055502415634691715,
    -0.11473248153924942,
    -0.006768294144421816,
    0.20197434723377228,
    0.18785874545574188,
    0.01477938611060381,
    0.23623822629451752,
    -0.05410658195614815,
    0.00209068413823843,
    0.3484978675842285,
    -0.11316487938165665,
    -0.11744693666696548,
    -0.09950263798236847,
    -0.12882579863071442,
    0.02658155933022499,
    0.0956539511680603,
    0.010951418429613113,
    -0.13773220777511597,
    0.10215575993061066,
    0.09492513537406921,
    0.06414642930030823,
    -0.05358606576919556,
    -0.10633561760187149,
    -0.06351611018180847,
    0.14679063856601715,
    -0.15957510471343994,
    -0.011951598338782787,
    0.07380115240812302,
    0.009998477064073086,
    0.01831851340830326,
    -0.04904637485742569,
    0.19836045801639557,
    0.10624951869249344,
    0.03460448235273361,
    -0.10879946500062943,
    0.036783043295145035,
    -0.03723811358213425,
    0.01543904934078455,
    0.12764348089694977,
    0.08685148507356644,
    -0.0664130300283432,
    0.12904782593250275,
    -0.009749208576977253,
    -0.01116782147437334,
    -0.03123055025935173,
    -0.12224186211824417,
    -0.1967933028936386,
    0.06148888170719147,
    0.02905276231467724,
    0.06765659153461456,
    -0.03755774721503258,
    0.07020349055528641,
    -0.006372739095240831,
    0.016786519438028336,
    -0.09280741959810257,
    0.01958170160651207,
    0.2271677553653717,
    0.02799282968044281,
    0.13098981976509094,
    0.14053452014923096,
    -0.20893768966197968,
    -0.021822873502969742,
    0.16353577375411987
  ],
  "created_at": 1779194948.546143,
  "positive_samples": 30,
  "negative_samples": 14
}